blockchain,date,safe_txs
arbitrum,2023-04-14 00:00:00.000 UTC,566
arbitrum,2023-04-15 00:00:00.000 UTC,281
arbitrum,2023-04-16 00:00:00.000 UTC,517
arbitrum,2023-04-17 00:00:00.000 UTC,608
arbitrum,2023-04-18 00:00:00.000 UTC,606
arbitrum,2023-04-19 00:00:00.000 UTC,462
arbitrum,2023-04-20 00:00:00.000 UTC,527
arbitrum,2023-04-21 00:00:00.000 UTC,579
arbitrum,2023-04-22 00:00:00.000 UTC,441
arbitrum,2023-04-23 00:00:00.000 UTC,413
arbitrum,2023-04-24 00:00:00.000 UTC,479
arbitrum,2023-04-25 00:00:00.000 UTC,1262
arbitrum,2023-04-26 00:00:00.000 UTC,600
arbitrum,2023-04-27 00:00:00.000 UTC,447
arbitrum,2023-04-28 00:00:00.000 UTC,488
arbitrum,2023-04-29 00:00:00.000 UTC,234
arbitrum,2023-04-30 00:00:00.000 UTC,338
arbitrum,2023-05-01 00:00:00.000 UTC,373
arbitrum,2023-05-02 00:00:00.000 UTC,450
arbitrum,2023-05-03 00:00:00.000 UTC,491
arbitrum,2023-05-04 00:00:00.000 UTC,947
arbitrum,2023-05-05 00:00:00.000 UTC,758
arbitrum,2023-05-06 00:00:00.000 UTC,389
arbitrum,2023-05-07 00:00:00.000 UTC,321
arbitrum,2023-05-08 00:00:00.000 UTC,402
arbitrum,2023-05-09 00:00:00.000 UTC,400
arbitrum,2023-05-10 00:00:00.000 UTC,418
arbitrum,2023-05-11 00:00:00.000 UTC,396
arbitrum,2023-05-12 00:00:00.000 UTC,521
arbitrum,2023-05-13 00:00:00.000 UTC,398
arbitrum,2023-05-14 00:00:00.000 UTC,238
arbitrum,2023-05-15 00:00:00.000 UTC,728
arbitrum,2023-05-16 00:00:00.000 UTC,877
arbitrum,2023-05-17 00:00:00.000 UTC,942
arbitrum,2023-05-18 00:00:00.000 UTC,693
arbitrum,2023-05-19 00:00:00.000 UTC,977
arbitrum,2023-05-20 00:00:00.000 UTC,968
arbitrum,2023-05-21 00:00:00.000 UTC,673
arbitrum,2023-05-22 00:00:00.000 UTC,804
arbitrum,2023-05-23 00:00:00.000 UTC,778
arbitrum,2023-05-24 00:00:00.000 UTC,884
arbitrum,2023-05-25 00:00:00.000 UTC,857
arbitrum,2023-05-26 00:00:00.000 UTC,1976
arbitrum,2023-05-27 00:00:00.000 UTC,568
arbitrum,2023-05-28 00:00:00.000 UTC,785
arbitrum,2023-05-29 00:00:00.000 UTC,844
arbitrum,2023-05-30 00:00:00.000 UTC,676
arbitrum,2023-05-31 00:00:00.000 UTC,2045
arbitrum,2023-06-01 00:00:00.000 UTC,2943
arbitrum,2023-06-02 00:00:00.000 UTC,1053
arbitrum,2023-06-03 00:00:00.000 UTC,1838
arbitrum,2023-06-04 00:00:00.000 UTC,4241
arbitrum,2023-06-05 00:00:00.000 UTC,3225
arbitrum,2023-06-06 00:00:00.000 UTC,4015
arbitrum,2023-06-07 00:00:00.000 UTC,2744
arbitrum,2023-06-08 00:00:00.000 UTC,2819
arbitrum,2023-06-09 00:00:00.000 UTC,3743
arbitrum,2023-06-10 00:00:00.000 UTC,3871
arbitrum,2023-06-11 00:00:00.000 UTC,4138
arbitrum,2023-06-12 00:00:00.000 UTC,4817
arbitrum,2023-06-13 00:00:00.000 UTC,4370
arbitrum,2023-06-14 00:00:00.000 UTC,4343
arbitrum,2023-06-15 00:00:00.000 UTC,4170
arbitrum,2023-06-16 00:00:00.000 UTC,4152
arbitrum,2023-06-17 00:00:00.000 UTC,2591
arbitrum,2023-06-18 00:00:00.000 UTC,354
arbitrum,2023-06-19 00:00:00.000 UTC,666
arbitrum,2023-06-20 00:00:00.000 UTC,4037
arbitrum,2023-06-21 00:00:00.000 UTC,3623
arbitrum,2023-06-22 00:00:00.000 UTC,1189
arbitrum,2023-06-23 00:00:00.000 UTC,867
arbitrum,2023-06-24 00:00:00.000 UTC,803
arbitrum,2023-06-25 00:00:00.000 UTC,830
arbitrum,2023-06-26 00:00:00.000 UTC,759
arbitrum,2023-06-27 00:00:00.000 UTC,3304
arbitrum,2023-06-28 00:00:00.000 UTC,3781
arbitrum,2023-06-29 00:00:00.000 UTC,1620
arbitrum,2023-06-30 00:00:00.000 UTC,629
arbitrum,2023-07-01 00:00:00.000 UTC,1129
arbitrum,2023-07-02 00:00:00.000 UTC,4094
arbitrum,2023-07-03 00:00:00.000 UTC,2128
arbitrum,2023-07-04 00:00:00.000 UTC,1111
arbitrum,2023-07-05 00:00:00.000 UTC,1494
arbitrum,2023-07-06 00:00:00.000 UTC,1501
arbitrum,2023-07-07 00:00:00.000 UTC,847
arbitrum,2023-07-08 00:00:00.000 UTC,1478
arbitrum,2023-07-09 00:00:00.000 UTC,1036
arbitrum,2023-07-10 00:00:00.000 UTC,1482
arbitrum,2023-07-11 00:00:00.000 UTC,1647
arbitrum,2023-07-12 00:00:00.000 UTC,1600
arbitrum,2023-07-13 00:00:00.000 UTC,1479
arbitrum,2023-07-14 00:00:00.000 UTC,1479
arbitrum,2023-07-15 00:00:00.000 UTC,1422
arbitrum,2023-07-16 00:00:00.000 UTC,1414
arbitrum,2023-07-17 00:00:00.000 UTC,1001
arbitrum,2023-07-18 00:00:00.000 UTC,824
arbitrum,2023-07-19 00:00:00.000 UTC,1140
arbitrum,2023-07-20 00:00:00.000 UTC,1164
arbitrum,2023-07-21 00:00:00.000 UTC,511
arbitrum,2023-07-22 00:00:00.000 UTC,889
arbitrum,2023-07-23 00:00:00.000 UTC,1319
arbitrum,2023-07-24 00:00:00.000 UTC,487
arbitrum,2023-07-25 00:00:00.000 UTC,434
arbitrum,2023-07-26 00:00:00.000 UTC,527
arbitrum,2023-07-27 00:00:00.000 UTC,923
arbitrum,2023-07-28 00:00:00.000 UTC,472
arbitrum,2023-07-29 00:00:00.000 UTC,237
arbitrum,2023-07-30 00:00:00.000 UTC,318
arbitrum,2023-07-31 00:00:00.000 UTC,416
arbitrum,2023-08-01 00:00:00.000 UTC,453
arbitrum,2023-08-02 00:00:00.000 UTC,469
arbitrum,2023-08-03 00:00:00.000 UTC,568
arbitrum,2023-08-04 00:00:00.000 UTC,379
arbitrum,2023-08-05 00:00:00.000 UTC,310
arbitrum,2023-08-06 00:00:00.000 UTC,241
arbitrum,2023-08-07 00:00:00.000 UTC,481
arbitrum,2023-08-08 00:00:00.000 UTC,2054
arbitrum,2023-08-09 00:00:00.000 UTC,2877
arbitrum,2023-08-10 00:00:00.000 UTC,1316
arbitrum,2023-08-11 00:00:00.000 UTC,1362
arbitrum,2023-08-12 00:00:00.000 UTC,1077
bnb,2023-04-14 00:00:00.000 UTC,655
bnb,2023-04-15 00:00:00.000 UTC,357
bnb,2023-04-16 00:00:00.000 UTC,345
bnb,2023-04-17 00:00:00.000 UTC,641
bnb,2023-04-18 00:00:00.000 UTC,525
bnb,2023-04-19 00:00:00.000 UTC,578
bnb,2023-04-20 00:00:00.000 UTC,670
bnb,2023-04-21 00:00:00.000 UTC,555
bnb,2023-04-22 00:00:00.000 UTC,328
bnb,2023-04-23 00:00:00.000 UTC,372
bnb,2023-04-24 00:00:00.000 UTC,574
bnb,2023-04-25 00:00:00.000 UTC,546
bnb,2023-04-26 00:00:00.000 UTC,542
bnb,2023-04-27 00:00:00.000 UTC,460
bnb,2023-04-28 00:00:00.000 UTC,432
bnb,2023-04-29 00:00:00.000 UTC,265
bnb,2023-04-30 00:00:00.000 UTC,257
bnb,2023-05-01 00:00:00.000 UTC,577
bnb,2023-05-02 00:00:00.000 UTC,488
bnb,2023-05-03 00:00:00.000 UTC,623
bnb,2023-05-04 00:00:00.000 UTC,1190
bnb,2023-05-05 00:00:00.000 UTC,1530
bnb,2023-05-06 00:00:00.000 UTC,1458
bnb,2023-05-07 00:00:00.000 UTC,450
bnb,2023-05-08 00:00:00.000 UTC,598
bnb,2023-05-09 00:00:00.000 UTC,503
bnb,2023-05-10 00:00:00.000 UTC,608
bnb,2023-05-11 00:00:00.000 UTC,469
bnb,2023-05-12 00:00:00.000 UTC,446
bnb,2023-05-13 00:00:00.000 UTC,403
bnb,2023-05-14 00:00:00.000 UTC,384
bnb,2023-05-15 00:00:00.000 UTC,583
bnb,2023-05-16 00:00:00.000 UTC,540
bnb,2023-05-17 00:00:00.000 UTC,552
bnb,2023-05-18 00:00:00.000 UTC,586
bnb,2023-05-19 00:00:00.000 UTC,563
bnb,2023-05-20 00:00:00.000 UTC,352
bnb,2023-05-21 00:00:00.000 UTC,346
bnb,2023-05-22 00:00:00.000 UTC,569
bnb,2023-05-23 00:00:00.000 UTC,835
bnb,2023-05-24 00:00:00.000 UTC,609
bnb,2023-05-25 00:00:00.000 UTC,545
bnb,2023-05-26 00:00:00.000 UTC,575
bnb,2023-05-27 00:00:00.000 UTC,367
bnb,2023-05-28 00:00:00.000 UTC,343
bnb,2023-05-29 00:00:00.000 UTC,651
bnb,2023-05-30 00:00:00.000 UTC,594
bnb,2023-05-31 00:00:00.000 UTC,701
bnb,2023-06-01 00:00:00.000 UTC,767
bnb,2023-06-02 00:00:00.000 UTC,668
bnb,2023-06-03 00:00:00.000 UTC,406
bnb,2023-06-04 00:00:00.000 UTC,355
bnb,2023-06-05 00:00:00.000 UTC,610
bnb,2023-06-06 00:00:00.000 UTC,501
bnb,2023-06-07 00:00:00.000 UTC,711
bnb,2023-06-08 00:00:00.000 UTC,526
bnb,2023-06-09 00:00:00.000 UTC,507
bnb,2023-06-10 00:00:00.000 UTC,431
bnb,2023-06-11 00:00:00.000 UTC,257
bnb,2023-06-12 00:00:00.000 UTC,533
bnb,2023-06-13 00:00:00.000 UTC,561
bnb,2023-06-14 00:00:00.000 UTC,547
bnb,2023-06-15 00:00:00.000 UTC,546
bnb,2023-06-16 00:00:00.000 UTC,489
bnb,2023-06-17 00:00:00.000 UTC,331
bnb,2023-06-18 00:00:00.000 UTC,343
bnb,2023-06-19 00:00:00.000 UTC,516
bnb,2023-06-20 00:00:00.000 UTC,472
bnb,2023-06-21 00:00:00.000 UTC,584
bnb,2023-06-22 00:00:00.000 UTC,476
bnb,2023-06-23 00:00:00.000 UTC,443
bnb,2023-06-24 00:00:00.000 UTC,311
bnb,2023-06-25 00:00:00.000 UTC,348
bnb,2023-06-26 00:00:00.000 UTC,531
bnb,2023-06-27 00:00:00.000 UTC,482
bnb,2023-06-28 00:00:00.000 UTC,625
bnb,2023-06-29 00:00:00.000 UTC,497
bnb,2023-06-30 00:00:00.000 UTC,496
bnb,2023-07-01 00:00:00.000 UTC,318
bnb,2023-07-02 00:00:00.000 UTC,326
bnb,2023-07-03 00:00:00.000 UTC,606
bnb,2023-07-04 00:00:00.000 UTC,519
bnb,2023-07-05 00:00:00.000 UTC,502
bnb,2023-07-06 00:00:00.000 UTC,465
bnb,2023-07-07 00:00:00.000 UTC,440
bnb,2023-07-08 00:00:00.000 UTC,338
bnb,2023-07-09 00:00:00.000 UTC,393
bnb,2023-07-10 00:00:00.000 UTC,506
bnb,2023-07-11 00:00:00.000 UTC,621
bnb,2023-07-12 00:00:00.000 UTC,492
bnb,2023-07-13 00:00:00.000 UTC,533
bnb,2023-07-14 00:00:00.000 UTC,514
bnb,2023-07-15 00:00:00.000 UTC,308
bnb,2023-07-16 00:00:00.000 UTC,237
bnb,2023-07-17 00:00:00.000 UTC,469
bnb,2023-07-18 00:00:00.000 UTC,513
bnb,2023-07-19 00:00:00.000 UTC,430
bnb,2023-07-20 00:00:00.000 UTC,434
bnb,2023-07-21 00:00:00.000 UTC,481
bnb,2023-07-22 00:00:00.000 UTC,288
bnb,2023-07-23 00:00:00.000 UTC,303
bnb,2023-07-24 00:00:00.000 UTC,570
bnb,2023-07-25 00:00:00.000 UTC,582
bnb,2023-07-26 00:00:00.000 UTC,474
bnb,2023-07-27 00:00:00.000 UTC,484
bnb,2023-07-28 00:00:00.000 UTC,376
bnb,2023-07-29 00:00:00.000 UTC,223
bnb,2023-07-30 00:00:00.000 UTC,286
bnb,2023-07-31 00:00:00.000 UTC,520
bnb,2023-08-01 00:00:00.000 UTC,617
bnb,2023-08-02 00:00:00.000 UTC,545
bnb,2023-08-03 00:00:00.000 UTC,530
bnb,2023-08-04 00:00:00.000 UTC,381
bnb,2023-08-05 00:00:00.000 UTC,337
bnb,2023-08-06 00:00:00.000 UTC,396
bnb,2023-08-07 00:00:00.000 UTC,511
bnb,2023-08-08 00:00:00.000 UTC,700
bnb,2023-08-09 00:00:00.000 UTC,471
bnb,2023-08-10 00:00:00.000 UTC,469
bnb,2023-08-11 00:00:00.000 UTC,447
bnb,2023-08-12 00:00:00.000 UTC,273
ethereum,2023-04-14 00:00:00.000 UTC,1711
ethereum,2023-04-15 00:00:00.000 UTC,910
ethereum,2023-04-16 00:00:00.000 UTC,762
ethereum,2023-04-17 00:00:00.000 UTC,1885
ethereum,2023-04-18 00:00:00.000 UTC,1456
ethereum,2023-04-19 00:00:00.000 UTC,1604
ethereum,2023-04-20 00:00:00.000 UTC,1702
ethereum,2023-04-21 00:00:00.000 UTC,1916
ethereum,2023-04-22 00:00:00.000 UTC,950
ethereum,2023-04-23 00:00:00.000 UTC,643
ethereum,2023-04-24 00:00:00.000 UTC,1683
ethereum,2023-04-25 00:00:00.000 UTC,1782
ethereum,2023-04-26 00:00:00.000 UTC,1691
ethereum,2023-04-27 00:00:00.000 UTC,1758
ethereum,2023-04-28 00:00:00.000 UTC,1742
ethereum,2023-04-29 00:00:00.000 UTC,657
ethereum,2023-04-30 00:00:00.000 UTC,807
ethereum,2023-05-01 00:00:00.000 UTC,1637
ethereum,2023-05-02 00:00:00.000 UTC,1777
ethereum,2023-05-03 00:00:00.000 UTC,1643
ethereum,2023-05-04 00:00:00.000 UTC,1519
ethereum,2023-05-05 00:00:00.000 UTC,1279
ethereum,2023-05-06 00:00:00.000 UTC,593
ethereum,2023-05-07 00:00:00.000 UTC,594
ethereum,2023-05-08 00:00:00.000 UTC,1576
ethereum,2023-05-09 00:00:00.000 UTC,1369
ethereum,2023-05-10 00:00:00.000 UTC,1402
ethereum,2023-05-11 00:00:00.000 UTC,1337
ethereum,2023-05-12 00:00:00.000 UTC,1674
ethereum,2023-05-13 00:00:00.000 UTC,920
ethereum,2023-05-14 00:00:00.000 UTC,699
ethereum,2023-05-15 00:00:00.000 UTC,1750
ethereum,2023-05-16 00:00:00.000 UTC,1736
ethereum,2023-05-17 00:00:00.000 UTC,1602
ethereum,2023-05-18 00:00:00.000 UTC,1529
ethereum,2023-05-19 00:00:00.000 UTC,1532
ethereum,2023-05-20 00:00:00.000 UTC,914
ethereum,2023-05-21 00:00:00.000 UTC,926
ethereum,2023-05-22 00:00:00.000 UTC,1349
ethereum,2023-05-23 00:00:00.000 UTC,1726
ethereum,2023-05-24 00:00:00.000 UTC,1731
ethereum,2023-05-25 00:00:00.000 UTC,1617
ethereum,2023-05-26 00:00:00.000 UTC,1601
ethereum,2023-05-27 00:00:00.000 UTC,723
ethereum,2023-05-28 00:00:00.000 UTC,712
ethereum,2023-05-29 00:00:00.000 UTC,1364
ethereum,2023-05-30 00:00:00.000 UTC,1648
ethereum,2023-05-31 00:00:00.000 UTC,1931
ethereum,2023-06-01 00:00:00.000 UTC,1904
ethereum,2023-06-02 00:00:00.000 UTC,1784
ethereum,2023-06-03 00:00:00.000 UTC,746
ethereum,2023-06-04 00:00:00.000 UTC,737
ethereum,2023-06-05 00:00:00.000 UTC,1651
ethereum,2023-06-06 00:00:00.000 UTC,1709
ethereum,2023-06-07 00:00:00.000 UTC,1557
ethereum,2023-06-08 00:00:00.000 UTC,1455
ethereum,2023-06-09 00:00:00.000 UTC,1540
ethereum,2023-06-10 00:00:00.000 UTC,967
ethereum,2023-06-11 00:00:00.000 UTC,729
ethereum,2023-06-12 00:00:00.000 UTC,1780
ethereum,2023-06-13 00:00:00.000 UTC,1774
ethereum,2023-06-14 00:00:00.000 UTC,1630
ethereum,2023-06-15 00:00:00.000 UTC,2019
ethereum,2023-06-16 00:00:00.000 UTC,1357
ethereum,2023-06-17 00:00:00.000 UTC,645
ethereum,2023-06-18 00:00:00.000 UTC,629
ethereum,2023-06-19 00:00:00.000 UTC,1207
ethereum,2023-06-20 00:00:00.000 UTC,1619
ethereum,2023-06-21 00:00:00.000 UTC,1795
ethereum,2023-06-22 00:00:00.000 UTC,1480
ethereum,2023-06-23 00:00:00.000 UTC,1591
ethereum,2023-06-24 00:00:00.000 UTC,678
ethereum,2023-06-25 00:00:00.000 UTC,815
ethereum,2023-06-26 00:00:00.000 UTC,1607
ethereum,2023-06-27 00:00:00.000 UTC,1783
ethereum,2023-06-28 00:00:00.000 UTC,1471
ethereum,2023-06-29 00:00:00.000 UTC,1488
ethereum,2023-06-30 00:00:00.000 UTC,1943
ethereum,2023-07-01 00:00:00.000 UTC,951
ethereum,2023-07-02 00:00:00.000 UTC,799
ethereum,2023-07-03 00:00:00.000 UTC,1908
ethereum,2023-07-04 00:00:00.000 UTC,1574
ethereum,2023-07-05 00:00:00.000 UTC,1415
ethereum,2023-07-06 00:00:00.000 UTC,1580
ethereum,2023-07-07 00:00:00.000 UTC,1432
ethereum,2023-07-08 00:00:00.000 UTC,844
ethereum,2023-07-09 00:00:00.000 UTC,707
ethereum,2023-07-10 00:00:00.000 UTC,1615
ethereum,2023-07-11 00:00:00.000 UTC,1543
ethereum,2023-07-12 00:00:00.000 UTC,1806
ethereum,2023-07-13 00:00:00.000 UTC,1580
ethereum,2023-07-14 00:00:00.000 UTC,1566
ethereum,2023-07-15 00:00:00.000 UTC,831
ethereum,2023-07-16 00:00:00.000 UTC,786
ethereum,2023-07-17 00:00:00.000 UTC,1447
ethereum,2023-07-18 00:00:00.000 UTC,1485
ethereum,2023-07-19 00:00:00.000 UTC,1318
ethereum,2023-07-20 00:00:00.000 UTC,1347
ethereum,2023-07-21 00:00:00.000 UTC,1260
ethereum,2023-07-22 00:00:00.000 UTC,700
ethereum,2023-07-23 00:00:00.000 UTC,659
ethereum,2023-07-24 00:00:00.000 UTC,1349
ethereum,2023-07-25 00:00:00.000 UTC,1606
ethereum,2023-07-26 00:00:00.000 UTC,1626
ethereum,2023-07-27 00:00:00.000 UTC,1727
ethereum,2023-07-28 00:00:00.000 UTC,2333
ethereum,2023-07-29 00:00:00.000 UTC,1488
ethereum,2023-07-30 00:00:00.000 UTC,1543
ethereum,2023-07-31 00:00:00.000 UTC,2555
ethereum,2023-08-01 00:00:00.000 UTC,2233
ethereum,2023-08-02 00:00:00.000 UTC,2069
ethereum,2023-08-03 00:00:00.000 UTC,1765
ethereum,2023-08-04 00:00:00.000 UTC,1883
ethereum,2023-08-05 00:00:00.000 UTC,1065
ethereum,2023-08-06 00:00:00.000 UTC,958
ethereum,2023-08-07 00:00:00.000 UTC,1739
ethereum,2023-08-08 00:00:00.000 UTC,1655
ethereum,2023-08-09 00:00:00.000 UTC,1649
ethereum,2023-08-10 00:00:00.000 UTC,1527
ethereum,2023-08-11 00:00:00.000 UTC,1464
ethereum,2023-08-12 00:00:00.000 UTC,713
gnosis,2023-04-14 00:00:00.000 UTC,3031
gnosis,2023-04-15 00:00:00.000 UTC,3967
gnosis,2023-04-16 00:00:00.000 UTC,5019
gnosis,2023-04-17 00:00:00.000 UTC,6473
gnosis,2023-04-18 00:00:00.000 UTC,5732
gnosis,2023-04-19 00:00:00.000 UTC,4908
gnosis,2023-04-20 00:00:00.000 UTC,5958
gnosis,2023-04-21 00:00:00.000 UTC,3975
gnosis,2023-04-22 00:00:00.000 UTC,3596
gnosis,2023-04-23 00:00:00.000 UTC,3485
gnosis,2023-04-24 00:00:00.000 UTC,3715
gnosis,2023-04-25 00:00:00.000 UTC,3313
gnosis,2023-04-26 00:00:00.000 UTC,3394
gnosis,2023-04-27 00:00:00.000 UTC,1049
gnosis,2023-04-28 00:00:00.000 UTC,805
gnosis,2023-04-29 00:00:00.000 UTC,686
gnosis,2023-04-30 00:00:00.000 UTC,542
gnosis,2023-05-01 00:00:00.000 UTC,924
gnosis,2023-05-02 00:00:00.000 UTC,909
gnosis,2023-05-03 00:00:00.000 UTC,1353
gnosis,2023-05-04 00:00:00.000 UTC,696
gnosis,2023-05-05 00:00:00.000 UTC,847
gnosis,2023-05-06 00:00:00.000 UTC,459
gnosis,2023-05-07 00:00:00.000 UTC,832
gnosis,2023-05-08 00:00:00.000 UTC,666
gnosis,2023-05-09 00:00:00.000 UTC,518
gnosis,2023-05-10 00:00:00.000 UTC,634
gnosis,2023-05-11 00:00:00.000 UTC,664
gnosis,2023-05-12 00:00:00.000 UTC,792
gnosis,2023-05-13 00:00:00.000 UTC,548
gnosis,2023-05-14 00:00:00.000 UTC,1423
gnosis,2023-05-15 00:00:00.000 UTC,824
gnosis,2023-05-16 00:00:00.000 UTC,601
gnosis,2023-05-17 00:00:00.000 UTC,807
gnosis,2023-05-18 00:00:00.000 UTC,431
gnosis,2023-05-19 00:00:00.000 UTC,653
gnosis,2023-05-20 00:00:00.000 UTC,230
gnosis,2023-05-21 00:00:00.000 UTC,238
gnosis,2023-05-22 00:00:00.000 UTC,499
gnosis,2023-05-23 00:00:00.000 UTC,606
gnosis,2023-05-24 00:00:00.000 UTC,576
gnosis,2023-05-25 00:00:00.000 UTC,550
gnosis,2023-05-26 00:00:00.000 UTC,632
gnosis,2023-05-27 00:00:00.000 UTC,390
gnosis,2023-05-28 00:00:00.000 UTC,371
gnosis,2023-05-29 00:00:00.000 UTC,710
gnosis,2023-05-30 00:00:00.000 UTC,595
gnosis,2023-05-31 00:00:00.000 UTC,690
gnosis,2023-06-01 00:00:00.000 UTC,449
gnosis,2023-06-02 00:00:00.000 UTC,585
gnosis,2023-06-03 00:00:00.000 UTC,328
gnosis,2023-06-04 00:00:00.000 UTC,476
gnosis,2023-06-05 00:00:00.000 UTC,727
gnosis,2023-06-06 00:00:00.000 UTC,656
gnosis,2023-06-07 00:00:00.000 UTC,1315
gnosis,2023-06-08 00:00:00.000 UTC,724
gnosis,2023-06-09 00:00:00.000 UTC,727
gnosis,2023-06-10 00:00:00.000 UTC,400
gnosis,2023-06-11 00:00:00.000 UTC,442
gnosis,2023-06-12 00:00:00.000 UTC,865
gnosis,2023-06-13 00:00:00.000 UTC,600
gnosis,2023-06-14 00:00:00.000 UTC,774
gnosis,2023-06-15 00:00:00.000 UTC,473
gnosis,2023-06-16 00:00:00.000 UTC,651
gnosis,2023-06-17 00:00:00.000 UTC,362
gnosis,2023-06-18 00:00:00.000 UTC,460
gnosis,2023-06-19 00:00:00.000 UTC,719
gnosis,2023-06-20 00:00:00.000 UTC,511
gnosis,2023-06-21 00:00:00.000 UTC,569
gnosis,2023-06-22 00:00:00.000 UTC,432
gnosis,2023-06-23 00:00:00.000 UTC,546
gnosis,2023-06-24 00:00:00.000 UTC,297
gnosis,2023-06-25 00:00:00.000 UTC,315
gnosis,2023-06-26 00:00:00.000 UTC,830
gnosis,2023-06-27 00:00:00.000 UTC,546
gnosis,2023-06-28 00:00:00.000 UTC,626
gnosis,2023-06-29 00:00:00.000 UTC,514
gnosis,2023-06-30 00:00:00.000 UTC,1129
gnosis,2023-07-01 00:00:00.000 UTC,349
gnosis,2023-07-02 00:00:00.000 UTC,696
gnosis,2023-07-03 00:00:00.000 UTC,941
gnosis,2023-07-04 00:00:00.000 UTC,1406
gnosis,2023-07-05 00:00:00.000 UTC,1290
gnosis,2023-07-06 00:00:00.000 UTC,1247
gnosis,2023-07-07 00:00:00.000 UTC,1679
gnosis,2023-07-08 00:00:00.000 UTC,1162
gnosis,2023-07-09 00:00:00.000 UTC,1463
gnosis,2023-07-10 00:00:00.000 UTC,1429
gnosis,2023-07-11 00:00:00.000 UTC,1580
gnosis,2023-07-12 00:00:00.000 UTC,1420
gnosis,2023-07-13 00:00:00.000 UTC,1673
gnosis,2023-07-14 00:00:00.000 UTC,772
gnosis,2023-07-15 00:00:00.000 UTC,1518
gnosis,2023-07-16 00:00:00.000 UTC,2100
gnosis,2023-07-17 00:00:00.000 UTC,1220
gnosis,2023-07-18 00:00:00.000 UTC,1376
gnosis,2023-07-19 00:00:00.000 UTC,1194
gnosis,2023-07-20 00:00:00.000 UTC,2245
gnosis,2023-07-21 00:00:00.000 UTC,1047
gnosis,2023-07-22 00:00:00.000 UTC,761
gnosis,2023-07-23 00:00:00.000 UTC,339
gnosis,2023-07-24 00:00:00.000 UTC,949
gnosis,2023-07-25 00:00:00.000 UTC,1051
gnosis,2023-07-26 00:00:00.000 UTC,1038
gnosis,2023-07-27 00:00:00.000 UTC,879
gnosis,2023-07-28 00:00:00.000 UTC,1543
gnosis,2023-07-29 00:00:00.000 UTC,643
gnosis,2023-07-30 00:00:00.000 UTC,392
gnosis,2023-07-31 00:00:00.000 UTC,1000
gnosis,2023-08-01 00:00:00.000 UTC,1506
gnosis,2023-08-02 00:00:00.000 UTC,1193
gnosis,2023-08-03 00:00:00.000 UTC,858
gnosis,2023-08-04 00:00:00.000 UTC,1358
gnosis,2023-08-05 00:00:00.000 UTC,641
gnosis,2023-08-06 00:00:00.000 UTC,337
gnosis,2023-08-07 00:00:00.000 UTC,984
gnosis,2023-08-08 00:00:00.000 UTC,661
gnosis,2023-08-09 00:00:00.000 UTC,987
gnosis,2023-08-10 00:00:00.000 UTC,765
gnosis,2023-08-11 00:00:00.000 UTC,1066
gnosis,2023-08-12 00:00:00.000 UTC,428
optimism,2023-04-14 00:00:00.000 UTC,408
optimism,2023-04-15 00:00:00.000 UTC,371
optimism,2023-04-16 00:00:00.000 UTC,205
optimism,2023-04-17 00:00:00.000 UTC,182
optimism,2023-04-18 00:00:00.000 UTC,140
optimism,2023-04-19 00:00:00.000 UTC,132
optimism,2023-04-20 00:00:00.000 UTC,116
optimism,2023-04-21 00:00:00.000 UTC,150
optimism,2023-04-22 00:00:00.000 UTC,112
optimism,2023-04-23 00:00:00.000 UTC,69
optimism,2023-04-24 00:00:00.000 UTC,183
optimism,2023-04-25 00:00:00.000 UTC,247
optimism,2023-04-26 00:00:00.000 UTC,220
optimism,2023-04-27 00:00:00.000 UTC,240
optimism,2023-04-28 00:00:00.000 UTC,168
optimism,2023-04-29 00:00:00.000 UTC,132
optimism,2023-04-30 00:00:00.000 UTC,110
optimism,2023-05-01 00:00:00.000 UTC,181
optimism,2023-05-02 00:00:00.000 UTC,194
optimism,2023-05-03 00:00:00.000 UTC,221
optimism,2023-05-04 00:00:00.000 UTC,493
optimism,2023-05-05 00:00:00.000 UTC,240
optimism,2023-05-06 00:00:00.000 UTC,168
optimism,2023-05-07 00:00:00.000 UTC,74
optimism,2023-05-08 00:00:00.000 UTC,132
optimism,2023-05-09 00:00:00.000 UTC,177
optimism,2023-05-10 00:00:00.000 UTC,160
optimism,2023-05-11 00:00:00.000 UTC,148
optimism,2023-05-12 00:00:00.000 UTC,171
optimism,2023-05-13 00:00:00.000 UTC,88
optimism,2023-05-14 00:00:00.000 UTC,100
optimism,2023-05-15 00:00:00.000 UTC,133
optimism,2023-05-16 00:00:00.000 UTC,217
optimism,2023-05-17 00:00:00.000 UTC,701
optimism,2023-05-18 00:00:00.000 UTC,274
optimism,2023-05-19 00:00:00.000 UTC,242
optimism,2023-05-20 00:00:00.000 UTC,429
optimism,2023-05-21 00:00:00.000 UTC,229
optimism,2023-05-22 00:00:00.000 UTC,152
optimism,2023-05-23 00:00:00.000 UTC,259
optimism,2023-05-24 00:00:00.000 UTC,259
optimism,2023-05-25 00:00:00.000 UTC,183
optimism,2023-05-26 00:00:00.000 UTC,176
optimism,2023-05-27 00:00:00.000 UTC,55
optimism,2023-05-28 00:00:00.000 UTC,195
optimism,2023-05-29 00:00:00.000 UTC,297
optimism,2023-05-30 00:00:00.000 UTC,281
optimism,2023-05-31 00:00:00.000 UTC,353
optimism,2023-06-01 00:00:00.000 UTC,381
optimism,2023-06-02 00:00:00.000 UTC,262
optimism,2023-06-03 00:00:00.000 UTC,170
optimism,2023-06-04 00:00:00.000 UTC,88
optimism,2023-06-05 00:00:00.000 UTC,320
optimism,2023-06-06 00:00:00.000 UTC,178
optimism,2023-06-07 00:00:00.000 UTC,1776
optimism,2023-06-08 00:00:00.000 UTC,2894
optimism,2023-06-09 00:00:00.000 UTC,258
optimism,2023-06-10 00:00:00.000 UTC,252
optimism,2023-06-11 00:00:00.000 UTC,207
optimism,2023-06-12 00:00:00.000 UTC,230
optimism,2023-06-13 00:00:00.000 UTC,303
optimism,2023-06-14 00:00:00.000 UTC,442
optimism,2023-06-15 00:00:00.000 UTC,377
optimism,2023-06-16 00:00:00.000 UTC,1108
optimism,2023-06-17 00:00:00.000 UTC,2078
optimism,2023-06-18 00:00:00.000 UTC,198
optimism,2023-06-19 00:00:00.000 UTC,390
optimism,2023-06-20 00:00:00.000 UTC,724
optimism,2023-06-21 00:00:00.000 UTC,1558
optimism,2023-06-22 00:00:00.000 UTC,352
optimism,2023-06-23 00:00:00.000 UTC,445
optimism,2023-06-24 00:00:00.000 UTC,288
optimism,2023-06-25 00:00:00.000 UTC,368
optimism,2023-06-26 00:00:00.000 UTC,463
optimism,2023-06-27 00:00:00.000 UTC,3209
optimism,2023-06-28 00:00:00.000 UTC,3063
optimism,2023-06-29 00:00:00.000 UTC,4140
optimism,2023-06-30 00:00:00.000 UTC,1585
optimism,2023-07-01 00:00:00.000 UTC,135
optimism,2023-07-02 00:00:00.000 UTC,1619
optimism,2023-07-03 00:00:00.000 UTC,3536
optimism,2023-07-04 00:00:00.000 UTC,3810
optimism,2023-07-05 00:00:00.000 UTC,1369
optimism,2023-07-06 00:00:00.000 UTC,682
optimism,2023-07-07 00:00:00.000 UTC,381
optimism,2023-07-08 00:00:00.000 UTC,495
optimism,2023-07-09 00:00:00.000 UTC,563
optimism,2023-07-10 00:00:00.000 UTC,2548
optimism,2023-07-11 00:00:00.000 UTC,1303
optimism,2023-07-12 00:00:00.000 UTC,2560
optimism,2023-07-13 00:00:00.000 UTC,1250
optimism,2023-07-14 00:00:00.000 UTC,1134
optimism,2023-07-15 00:00:00.000 UTC,1048
optimism,2023-07-16 00:00:00.000 UTC,1086
optimism,2023-07-17 00:00:00.000 UTC,1467
optimism,2023-07-18 00:00:00.000 UTC,1722
optimism,2023-07-19 00:00:00.000 UTC,1050
optimism,2023-07-20 00:00:00.000 UTC,950
optimism,2023-07-21 00:00:00.000 UTC,5587
optimism,2023-07-22 00:00:00.000 UTC,10167
optimism,2023-07-23 00:00:00.000 UTC,10261
optimism,2023-07-24 00:00:00.000 UTC,8134
optimism,2023-07-25 00:00:00.000 UTC,11094
optimism,2023-07-26 00:00:00.000 UTC,7119
optimism,2023-07-27 00:00:00.000 UTC,11045
optimism,2023-07-28 00:00:00.000 UTC,10360
optimism,2023-07-29 00:00:00.000 UTC,8806
optimism,2023-07-30 00:00:00.000 UTC,7187
optimism,2023-07-31 00:00:00.000 UTC,7307
optimism,2023-08-01 00:00:00.000 UTC,8273
optimism,2023-08-02 00:00:00.000 UTC,7303
optimism,2023-08-03 00:00:00.000 UTC,6408
optimism,2023-08-04 00:00:00.000 UTC,6071
optimism,2023-08-05 00:00:00.000 UTC,5884
optimism,2023-08-06 00:00:00.000 UTC,5379
optimism,2023-08-07 00:00:00.000 UTC,3239
optimism,2023-08-08 00:00:00.000 UTC,4946
optimism,2023-08-09 00:00:00.000 UTC,4165
optimism,2023-08-10 00:00:00.000 UTC,3781
optimism,2023-08-11 00:00:00.000 UTC,3558
optimism,2023-08-12 00:00:00.000 UTC,2573
polygon,2023-04-14 00:00:00.000 UTC,32778
polygon,2023-04-15 00:00:00.000 UTC,27763
polygon,2023-04-16 00:00:00.000 UTC,22769
polygon,2023-04-17 00:00:00.000 UTC,25257
polygon,2023-04-18 00:00:00.000 UTC,22002
polygon,2023-04-19 00:00:00.000 UTC,20149
polygon,2023-04-20 00:00:00.000 UTC,25215
polygon,2023-04-21 00:00:00.000 UTC,25757
polygon,2023-04-22 00:00:00.000 UTC,23413
polygon,2023-04-23 00:00:00.000 UTC,20653
polygon,2023-04-24 00:00:00.000 UTC,20686
polygon,2023-04-25 00:00:00.000 UTC,22227
polygon,2023-04-26 00:00:00.000 UTC,26191
polygon,2023-04-27 00:00:00.000 UTC,21130
polygon,2023-04-28 00:00:00.000 UTC,15857
polygon,2023-04-29 00:00:00.000 UTC,18604
polygon,2023-04-30 00:00:00.000 UTC,19907
polygon,2023-05-01 00:00:00.000 UTC,22706
polygon,2023-05-02 00:00:00.000 UTC,23755
polygon,2023-05-03 00:00:00.000 UTC,23065
polygon,2023-05-04 00:00:00.000 UTC,23756
polygon,2023-05-05 00:00:00.000 UTC,22930
polygon,2023-05-06 00:00:00.000 UTC,21735
polygon,2023-05-07 00:00:00.000 UTC,19758
polygon,2023-05-08 00:00:00.000 UTC,24381
polygon,2023-05-09 00:00:00.000 UTC,28049
polygon,2023-05-10 00:00:00.000 UTC,36557
polygon,2023-05-11 00:00:00.000 UTC,30512
polygon,2023-05-12 00:00:00.000 UTC,28594
polygon,2023-05-13 00:00:00.000 UTC,26977
polygon,2023-05-14 00:00:00.000 UTC,24135
polygon,2023-05-15 00:00:00.000 UTC,32118
polygon,2023-05-16 00:00:00.000 UTC,32009
polygon,2023-05-17 00:00:00.000 UTC,30759
polygon,2023-05-18 00:00:00.000 UTC,28579
polygon,2023-05-19 00:00:00.000 UTC,24021
polygon,2023-05-20 00:00:00.000 UTC,25494
polygon,2023-05-21 00:00:00.000 UTC,26589
polygon,2023-05-22 00:00:00.000 UTC,29681
polygon,2023-05-23 00:00:00.000 UTC,32814
polygon,2023-05-24 00:00:00.000 UTC,33361
polygon,2023-05-25 00:00:00.000 UTC,30931
polygon,2023-05-26 00:00:00.000 UTC,28797
polygon,2023-05-27 00:00:00.000 UTC,19288
polygon,2023-05-28 00:00:00.000 UTC,31870
polygon,2023-05-29 00:00:00.000 UTC,34718
polygon,2023-05-30 00:00:00.000 UTC,33534
polygon,2023-05-31 00:00:00.000 UTC,27962
polygon,2023-06-01 00:00:00.000 UTC,30255
polygon,2023-06-02 00:00:00.000 UTC,30879
polygon,2023-06-03 00:00:00.000 UTC,25860
polygon,2023-06-04 00:00:00.000 UTC,22850
polygon,2023-06-05 00:00:00.000 UTC,24465
polygon,2023-06-06 00:00:00.000 UTC,33391
polygon,2023-06-07 00:00:00.000 UTC,30164
polygon,2023-06-08 00:00:00.000 UTC,27504
polygon,2023-06-09 00:00:00.000 UTC,25903
polygon,2023-06-10 00:00:00.000 UTC,26255
polygon,2023-06-11 00:00:00.000 UTC,26666
polygon,2023-06-12 00:00:00.000 UTC,28174
polygon,2023-06-13 00:00:00.000 UTC,28221
polygon,2023-06-14 00:00:00.000 UTC,30369
polygon,2023-06-15 00:00:00.000 UTC,28017
polygon,2023-06-16 00:00:00.000 UTC,21357
polygon,2023-06-17 00:00:00.000 UTC,31281
polygon,2023-06-18 00:00:00.000 UTC,22351
polygon,2023-06-19 00:00:00.000 UTC,30268
polygon,2023-06-20 00:00:00.000 UTC,34891
polygon,2023-06-21 00:00:00.000 UTC,37709
polygon,2023-06-22 00:00:00.000 UTC,30640
polygon,2023-06-23 00:00:00.000 UTC,31961
polygon,2023-06-24 00:00:00.000 UTC,28543
polygon,2023-06-25 00:00:00.000 UTC,28433
polygon,2023-06-26 00:00:00.000 UTC,28361
polygon,2023-06-27 00:00:00.000 UTC,33844
polygon,2023-06-28 00:00:00.000 UTC,29307
polygon,2023-06-29 00:00:00.000 UTC,28692
polygon,2023-06-30 00:00:00.000 UTC,30821
polygon,2023-07-01 00:00:00.000 UTC,29074
polygon,2023-07-02 00:00:00.000 UTC,26920
polygon,2023-07-03 00:00:00.000 UTC,33940
polygon,2023-07-04 00:00:00.000 UTC,33439
polygon,2023-07-05 00:00:00.000 UTC,30646
polygon,2023-07-06 00:00:00.000 UTC,27193
polygon,2023-07-07 00:00:00.000 UTC,29609
polygon,2023-07-08 00:00:00.000 UTC,43675
polygon,2023-07-09 00:00:00.000 UTC,56306
polygon,2023-07-10 00:00:00.000 UTC,55521
polygon,2023-07-11 00:00:00.000 UTC,44626
polygon,2023-07-12 00:00:00.000 UTC,36016
polygon,2023-07-13 00:00:00.000 UTC,33702
polygon,2023-07-14 00:00:00.000 UTC,27978
polygon,2023-07-15 00:00:00.000 UTC,26152
polygon,2023-07-16 00:00:00.000 UTC,23615
polygon,2023-07-17 00:00:00.000 UTC,33578
polygon,2023-07-18 00:00:00.000 UTC,34737
polygon,2023-07-19 00:00:00.000 UTC,26033
polygon,2023-07-20 00:00:00.000 UTC,24594
polygon,2023-07-21 00:00:00.000 UTC,34748
polygon,2023-07-22 00:00:00.000 UTC,48509
polygon,2023-07-23 00:00:00.000 UTC,37676
polygon,2023-07-24 00:00:00.000 UTC,50800
polygon,2023-07-25 00:00:00.000 UTC,55578
polygon,2023-07-26 00:00:00.000 UTC,56423
polygon,2023-07-27 00:00:00.000 UTC,45801
polygon,2023-07-28 00:00:00.000 UTC,24032
polygon,2023-07-29 00:00:00.000 UTC,18292
polygon,2023-07-30 00:00:00.000 UTC,16088
polygon,2023-07-31 00:00:00.000 UTC,15644
polygon,2023-08-01 00:00:00.000 UTC,18948
polygon,2023-08-02 00:00:00.000 UTC,17346
polygon,2023-08-03 00:00:00.000 UTC,14814
polygon,2023-08-04 00:00:00.000 UTC,14046
polygon,2023-08-05 00:00:00.000 UTC,14861
polygon,2023-08-06 00:00:00.000 UTC,14153
polygon,2023-08-07 00:00:00.000 UTC,7733
polygon,2023-08-08 00:00:00.000 UTC,14025
polygon,2023-08-09 00:00:00.000 UTC,13526
polygon,2023-08-10 00:00:00.000 UTC,11977
polygon,2023-08-11 00:00:00.000 UTC,10635
polygon,2023-08-12 00:00:00.000 UTC,8275